id,first_name,last_name,email,job_title,phone,hire_date
1,Jose,Lopez,joselopez0944@slingacademy.com,Project Manager,+1-971-533-4552x1542,
2,Diane,Carter,dianecarter1228@slingacademy.com,Machine Learning Engineer,881.633.0107,
3,Shawn,Foster,shawnfoster2695@slingacademy.com,Project Manager,001-966-861-0065x493,
4,Brenda,Fisher,brendafisher3185@slingacademy.com,Web Developer,001-574-564-4648,
5,Sean,Hunter,seanhunter4753@slingacademy.com,Project Manager,5838355842,
6,Joshua,Jacobs,joshuajacobs5904@slingacademy.com,Project Manager,053-913-2609,
7,Brianna,Marshall,briannamarshall6438@slingacademy.com,Machine Learning Engineer,701-932-8553,
8,John,Tate,johntate7881@slingacademy.com,Mobile Developer,001-889-992-5260x62725,
9,Jillian,Byrd,jillianbyrd8170@slingacademy.com,Web Developer,077-635-0084x1647,
10,Melanie,Sharp,melaniesharp9256@slingacademy.com,Web Developer,(848)212-0230,
11,Brandy,Mckee,brandymckee10500@slingacademy.com,Web Developer,001-085-315-6112x464,
12,Robert,Simpson,robertsimpson11778@slingacademy.com,DevOps Engineer,496-469-5331x659,
13,George,Mckenzie,georgemckenzie12384@slingacademy.com,Machine Learning Engineer,(843)416-2489,
14,Joseph,Smith,josephsmith13724@slingacademy.com,Machine Learning Engineer,+1-380-230-4166,
15,Dana,Crawford,danacrawford14310@slingacademy.com,Project Manager,(848)716-0019x0240,
16,Christopher,Benson,christopherbenson15937@slingacademy.com,Web Developer,+1-368-801-2914x8616,
17,Nicole,Smith,nicolesmith16360@slingacademy.com,Designer,289.372.5080x2156,
18,Peter,Jimenez,peterjimenez17791@slingacademy.com,Mobile Developer,001-535-827-3787x317,
19,Sergio,Boyle,sergioboyle18425@slingacademy.com,Tester,3027626274,
20,Brianna,Moss,briannamoss19517@slingacademy.com,Designer,+1-529-287-4857x163,
21,Taylor,Garner,taylorgarner20196@slingacademy.com,Machine Learning Engineer,931-244-1612x38767,
22,Michael,Padilla,michaelpadilla21381@slingacademy.com,Tester,(787)446-1738,
23,Yvette,Walker,yvettewalker22744@slingacademy.com,Designer,154-489-0248,
24,Kristina,Pena,kristinapena23750@slingacademy.com,DevOps Engineer,+1-099-174-5458x294,
25,Vanessa,Reynolds,vanessareynolds24710@slingacademy.com,Machine Learning Engineer,+1-357-911-9617x44729,
26,Robert,Suarez,robertsuarez25924@slingacademy.com,Tester,+1-121-053-2698x314,
27,Tammy,Ellis,tammyellis26570@slingacademy.com,HR Manager,029.476.5817x88014,
28,Rodney,Porter,rodneyporter27496@slingacademy.com,DevOps Engineer,+1-508-187-4826,
29,David,Reyes,davidreyes28592@slingacademy.com,Designer,(725)355-0896x3876,
30,Brian,Kirby,briankirby29574@slingacademy.com,Machine Learning Engineer,458.110.0220x9710,
31,Tammy,Walker,tammywalker30386@slingacademy.com,Web Developer,+1-810-034-9706x602,
32,Angela,Stewart,angelastewart31951@slingacademy.com,HR Manager,745-157-5520,
33,Susan,Parker,susanparker32865@slingacademy.com,DevOps Engineer,255.599.0102,
34,Robert,Hogan,roberthogan33599@slingacademy.com,Tester,1138662041,
35,Dawn,Pham,dawnpham34908@slingacademy.com,Designer,(106)836-9118x102,
36,Karen,Duke,karenduke35869@slingacademy.com,DevOps Engineer,622.245.2756,
37,Julian,Thompson,julianthompson36437@slingacademy.com,Machine Learning Engineer,392.181.9671x23227,
38,Daisy,Perry,daisyperry37789@slingacademy.com,Tester,+1-921-685-9612x0086,
39,Sarah,Smith,sarahsmith38793@slingacademy.com,Machine Learning Engineer,(110)771-1347x58805,
40,Eric,Randolph,ericrandolph39291@slingacademy.com,Designer,001-048-278-1814x8904,
41,William,Keller,williamkeller40838@slingacademy.com,Web Developer,903-521-4220x53915,
42,George,Salas,georgesalas41217@slingacademy.com,Web Developer,088.890.2450x1927,
43,Alyssa,Archer,alyssaarcher42600@slingacademy.com,DevOps Engineer,001-335-037-7267x43704,
44,Daniel,Wagner,danielwagner43907@slingacademy.com,HR Manager,001-038-830-2184x508,
45,David,Howard,davidhoward44518@slingacademy.com,Machine Learning Engineer,(940)475-4836,
46,Brett,Friedman,brettfriedman45236@slingacademy.com,HR Manager,+1-548-885-3476x195,
47,Shaun,Harris,shaunharris46875@slingacademy.com,Designer,(279)621-2475,
48,Jason,Morris,jasonmorris47229@slingacademy.com,DevOps Engineer,001-588-064-2677x4053,
49,Jesse,Mcdaniel,jessemcdaniel48348@slingacademy.com,Mobile Developer,600-434-1206x901,
50,Jessica,Torres,jessicatorres49971@slingacademy.com,HR Manager,547-005-1763x2506,
51,Bradley,Garcia,bradleygarcia50896@slingacademy.com,Designer,(267)794-5965,
52,Christopher,Walker,christopherwalker51808@slingacademy.com,Mobile Developer,954.740.2159,
53,Jason,Boyd,jasonboyd52182@slingacademy.com,Designer,001-199-903-4307x52539,
54,Colleen,Cooper,colleencooper53362@slingacademy.com,Machine Learning Engineer,001-075-516-4089x887,
55,Laurie,Robinson,laurierobinson54980@slingacademy.com,Mobile Developer,989.611.2546,
56,Tiffany,Novak,tiffanynovak55365@slingacademy.com,Mobile Developer,528-213-5280x73418,
57,Sophia,Coleman,sophiacoleman56563@slingacademy.com,Tester,101.121.4803x8420,
58,Jodi,Harris,jodiharris57145@slingacademy.com,DevOps Engineer,001-466-805-0485,
59,Michael,Calhoun,michaelcalhoun58176@slingacademy.com,Web Developer,001-931-707-3027,
60,Aaron,Tran,aarontran59178@slingacademy.com,DevOps Engineer,+1-121-704-1976x1624,
61,Karen,Aguirre,karenaguirre60547@slingacademy.com,Web Developer,+1-159-954-5997x959,
62,Danielle,Morrison,daniellemorrison61394@slingacademy.com,HR Manager,001-256-780-2930x98623,
63,Amanda,Thomas,amandathomas62614@slingacademy.com,Web Developer,001-629-462-1944,
64,Sarah,Spencer,sarahspencer63772@slingacademy.com,Tester,(025)089-0360,
65,Jessica,Ho,jessicaho64531@slingacademy.com,DevOps Engineer,251-289-1532,
66,Kristy,Rhodes,kristyrhodes65269@slingacademy.com,Web Developer,001-482-958-2236x124,
67,Joseph,Hobbs,josephhobbs66797@slingacademy.com,Mobile Developer,114.830.3568x128,
68,Allison,Matthews,allisonmatthews67756@slingacademy.com,Web Developer,(394)302-9258,
69,James,Phillips,jamesphillips68522@slingacademy.com,Web Developer,(733)967-0336,
70,Philip,Thomas,philipthomas69207@slingacademy.com,DevOps Engineer,592-756-5695x9778,
71,Dawn,Walker,dawnwalker70868@slingacademy.com,Mobile Developer,+1-173-846-6935x7118,
72,Denise,Lopez,deniselopez71911@slingacademy.com,Designer,597.328.1460,
73,Gregory,House,gregoryhouse72945@slingacademy.com,HR Manager,1541376919,
74,Stacie,Diaz,staciediaz73929@slingacademy.com,Machine Learning Engineer,110.987.1187x01990,
75,Barbara,Burns,barbaraburns74284@slingacademy.com,Web Developer,001-724-808-4339x05491,
76,Jessica,Cortez,jessicacortez75317@slingacademy.com,Tester,768.794.6062,
77,Daniel,Hernandez,danielhernandez76747@slingacademy.com,Tester,+1-653-006-3659,
78,Eugene,Diaz,eugenediaz77610@slingacademy.com,Machine Learning Engineer,625.556.6039x715,
79,Earl,Nelson,earlnelson78644@slingacademy.com,Web Developer,001-666-637-1061,
80,Elizabeth,Jackson,elizabethjackson79562@slingacademy.com,DevOps Engineer,129-182-2223x8234,
81,John,Martinez,johnmartinez80595@slingacademy.com,Web Developer,001-116-711-6587,
82,Wesley,Shaw,wesleyshaw81546@slingacademy.com,Mobile Developer,0250878834,
83,Michael,Davila,michaeldavila82958@slingacademy.com,DevOps Engineer,9179864827,
84,Heidi,Hill,heidihill83123@slingacademy.com,Tester,+1-480-021-8701x17016,
85,Yvonne,Bass,yvonnebass84513@slingacademy.com,Tester,+1-872-139-6739x9455,
86,Jamie,Jones,jamiejones85266@slingacademy.com,Web Developer,001-039-712-8015,
87,Brady,Washington,bradywashington86649@slingacademy.com,Designer,(720)496-1780x5033,
88,Michael,Rivera,michaelrivera87962@slingacademy.com,Web Developer,243-399-1129,
89,Angela,Morales,angelamorales88595@slingacademy.com,Web Developer,(340)684-6223x44918,
90,Larry,Moore,larrymoore89266@slingacademy.com,Web Developer,320.169.9790x514,
91,Veronica,Oliver,veronicaoliver90922@slingacademy.com,Tester,629-088-9248x536,
92,Clayton,Smith,claytonsmith91214@slingacademy.com,Mobile Developer,8318062400,
93,Tamara,Randall,tamararandall92432@slingacademy.com,Mobile Developer,001-483-384-8547x78248,
94,Amy,Vaughn,amyvaughn93722@slingacademy.com,Designer,542.795.3600x28212,
95,Larry,Chapman,larrychapman94932@slingacademy.com,Designer,001-539-747-0649,
96,Eugene,Mcintyre,eugenemcintyre95994@slingacademy.com,HR Manager,481-160-8125,
97,Patricia,Suarez,patriciasuarez96379@slingacademy.com,Designer,(674)788-1168x659,
98,Melissa,Vasquez,melissavasquez97165@slingacademy.com,DevOps Engineer,490-884-4764,
99,Stephanie,Hodges,stephaniehodges98715@slingacademy.com,Web Developer,001-651-909-2654x62888,
100,Brian,Watkins,brianwatkins99160@slingacademy.com,Web Developer,2648820032,
101,Zachary,Ellis,zacharyellis100141@slingacademy.com,Tester,+1-485-616-5391x8807,
102,Mark,Maxwell,markmaxwell101603@slingacademy.com,Tester,137-430-7223,
103,Jill,Farmer,jillfarmer102620@slingacademy.com,DevOps Engineer,0571661198,
104,Rhonda,Park,rhondapark103796@slingacademy.com,DevOps Engineer,498-878-6219,
105,Jessica,Park,jessicapark104881@slingacademy.com,HR Manager,874-348-4705,
106,Keith,Bender,keithbender105366@slingacademy.com,Machine Learning Engineer,001-243-891-5674x423,
107,Andrew,Silva,andrewsilva106948@slingacademy.com,HR Manager,3782883279,
108,John,Escobar,johnescobar107306@slingacademy.com,Mobile Developer,661.598.4267x044,
109,Savannah,Woods,savannahwoods108924@slingacademy.com,Web Developer,(084)639-6565x41150,
110,Cameron,Solis,cameronsolis109983@slingacademy.com,Machine Learning Engineer,+1-654-849-0805x279,
111,Patrick,Johnson,patrickjohnson110856@slingacademy.com,Tester,+1-538-767-6692x1656,
112,Nathan,Oconnor,nathanoconnor111395@slingacademy.com,Mobile Developer,189.488.8815x56036,
113,Felicia,Fox,feliciafox112789@slingacademy.com,Web Developer,001-231-826-1761x9193,
114,Nicole,Davis,nicoledavis113588@slingacademy.com,Web Developer,+1-352-114-7038x011,
115,Gregory,Kirk,gregorykirk114408@slingacademy.com,Machine Learning Engineer,(622)794-0249x585,
116,Ashley,Carrillo,ashleycarrillo115726@slingacademy.com,Tester,001-097-500-5888,
117,Brandon,White,brandonwhite116729@slingacademy.com,Machine Learning Engineer,+1-197-659-8290x36913,
118,Joshua,Miles,joshuamiles117429@slingacademy.com,Web Developer,+1-810-231-0550,
119,Gabriel,Shannon,gabrielshannon118996@slingacademy.com,DevOps Engineer,001-435-888-3180x25244,
120,Charles,Chan,charleschan119980@slingacademy.com,Machine Learning Engineer,077-570-4283,
121,Stephanie,Hill,stephaniehill120240@slingacademy.com,DevOps Engineer,(765)304-0263x230,
122,Brian,Kelly,briankelly121771@slingacademy.com,DevOps Engineer,+1-029-019-2206x665,
123,Susan,Lopez,susanlopez122522@slingacademy.com,Machine Learning Engineer,573-472-7131,
124,Logan,Edwards,loganedwards123515@slingacademy.com,Designer,536.588.4331,
125,Ryan,Young,ryanyoung124775@slingacademy.com,DevOps Engineer,001-105-720-6802x583,
126,Rebecca,Crawford,rebeccacrawford125111@slingacademy.com,Web Developer,(450)663-6253x153,
127,Leslie,Sullivan,lesliesullivan126504@slingacademy.com,Tester,161.488.4614x1551,
128,Andrew,Carey,andrewcarey127127@slingacademy.com,DevOps Engineer,4267904671,
129,Richard,Sawyer,richardsawyer128529@slingacademy.com,Mobile Developer,(485)441-3528,
130,Garrett,Nguyen,garrettnguyen129713@slingacademy.com,Machine Learning Engineer,+1-370-218-5389x8154,
131,Cody,Zuniga,codyzuniga130555@slingacademy.com,DevOps Engineer,911.596.7824x40746,
132,James,Johnson,jamesjohnson131504@slingacademy.com,Tester,358.400.3210,
133,Jamie,Ruiz,jamieruiz132870@slingacademy.com,Tester,001-015-657-5863x0258,
134,Brandi,Evans,brandievans133450@slingacademy.com,Tester,(388)123-2730x36223,
135,Jennifer,Obrien,jenniferobrien134415@slingacademy.com,Mobile Developer,001-576-701-2547,
136,Whitney,Espinoza,whitneyespinoza135280@slingacademy.com,Machine Learning Engineer,(395)465-0024x542,
137,Brandon,Rosario,brandonrosario136801@slingacademy.com,Mobile Developer,5804460236,
138,Jennifer,Rhodes,jenniferrhodes137946@slingacademy.com,Web Developer,+1-182-210-6837x27845,
139,Jordan,Michael,jordanmichael138385@slingacademy.com,Mobile Developer,(372)150-9511,
140,James,Knight,jamesknight139390@slingacademy.com,Web Developer,325.002.8388x1091,
141,Michelle,Ramirez,michelleramirez140449@slingacademy.com,Machine Learning Engineer,923.789.8867x807,
142,Peter,Mercado,petermercado141760@slingacademy.com,Mobile Developer,890-585-7726x64628,
143,Jason,George,jasongeorge142858@slingacademy.com,Machine Learning Engineer,001-431-125-6069,
144,John,Arroyo,johnarroyo143863@slingacademy.com,Machine Learning Engineer,6849186207,
145,Ashley,Mccann,ashleymccann144440@slingacademy.com,Web Developer,001-197-825-7624x4162,
146,John,Robinson,johnrobinson145915@slingacademy.com,DevOps Engineer,(200)221-4696,
147,Michael,Clark,michaelclark146199@slingacademy.com,Web Developer,(726)898-3126x779,
148,Julia,Howe,juliahowe147145@slingacademy.com,Web Developer,270-885-8330x203,
149,John,Roy,johnroy148826@slingacademy.com,DevOps Engineer,001-579-003-5317x80657,
150,Paul,Nguyen,paulnguyen149760@slingacademy.com,Mobile Developer,(601)907-3624x42015,
151,Chelsea,Lewis,chelsealewis150888@slingacademy.com,DevOps Engineer,406-096-8891x1387,
152,Austin,Bell,austinbell151766@slingacademy.com,DevOps Engineer,819-364-7742x938,
153,Paul,Allen,paulallen152619@slingacademy.com,Mobile Developer,2104766565,
154,Gary,Oliver,garyoliver153551@slingacademy.com,Mobile Developer,001-307-413-8100,
155,Diana,Bowers,dianabowers154842@slingacademy.com,Web Developer,(472)461-2314,
156,Cody,Peters,codypeters155367@slingacademy.com,Mobile Developer,+1-538-563-4682x108,
157,Cameron,Gonzalez,camerongonzalez156781@slingacademy.com,DevOps Engineer,001-671-656-9205,
158,Shelia,Benson,sheliabenson157744@slingacademy.com,Mobile Developer,001-433-182-3042x4134,
159,Jacqueline,Brooks,jacquelinebrooks158463@slingacademy.com,DevOps Engineer,803-716-9920,
160,William,Turner,williamturner159974@slingacademy.com,Web Developer,611.777.0181,
161,Lisa,Logan,lisalogan160552@slingacademy.com,Web Developer,631.001.6670x895,
162,Jeffery,Jones,jefferyjones161216@slingacademy.com,Mobile Developer,001-510-870-8941x9602,
163,Scott,Li,scottli162771@slingacademy.com,Mobile Developer,001-609-806-7966x06117,
164,Chad,Roberson,chadroberson163525@slingacademy.com,Mobile Developer,001-589-932-4079,
165,Ariana,Hernandez,arianahernandez164467@slingacademy.com,Web Developer,502-552-5808,
166,Wanda,Forbes,wandaforbes165141@slingacademy.com,Mobile Developer,666-855-7253x02322,
167,Edwin,Cortez,edwincortez166250@slingacademy.com,Web Developer,675.301.0657x798,
168,Sharon,Smith,sharonsmith167760@slingacademy.com,DevOps Engineer,(485)519-9948x286,
169,Sherry,Oliver,sherryoliver168772@slingacademy.com,DevOps Engineer,(104)702-6330,
170,Eric,Moses,ericmoses169891@slingacademy.com,Web Developer,+1-443-662-4948x52464,
171,James,Ruiz,jamesruiz170534@slingacademy.com,Mobile Developer,001-589-861-6693x6009,
172,Julie,Barber,juliebarber171592@slingacademy.com,DevOps Engineer,600.551.1953x989,
173,Becky,Mcpherson,beckymcpherson172514@slingacademy.com,Web Developer,+1-373-821-4858x946,
174,Nicole,Aguilar,nicoleaguilar173929@slingacademy.com,Web Developer,(114)183-5226x2535,
175,Melissa,Lee,melissalee174832@slingacademy.com,Mobile Developer,262-107-4732,
176,Ariana,Cochran,arianacochran175831@slingacademy.com,Web Developer,+1-248-824-7621,
177,Lisa,Carpenter,lisacarpenter176388@slingacademy.com,Mobile Developer,9008123667,
178,Julie,Wilson,juliewilson177313@slingacademy.com,Mobile Developer,+1-671-886-0776x042,
179,Martin,Crawford,martincrawford178513@slingacademy.com,Mobile Developer,001-938-266-9979x463,
180,Daniel,Peterson,danielpeterson179804@slingacademy.com,DevOps Engineer,240.063.9329x8093,
181,Eric,Lambert,ericlambert180283@slingacademy.com,Mobile Developer,710-838-5229,
182,Marcia,Huerta,marciahuerta181175@slingacademy.com,Web Developer,001-611-947-0019x85361,
183,Jason,Ortiz,jasonortiz182754@slingacademy.com,Mobile Developer,+1-614-334-4322x00332,
184,Keith,Thomas,keiththomas183439@slingacademy.com,Mobile Developer,001-214-721-0561x945,
185,Sarah,Freeman,sarahfreeman184758@slingacademy.com,DevOps Engineer,786.837.6975x132,
186,Michael,Galvan,michaelgalvan185989@slingacademy.com,Web Developer,+1-122-284-2113,
187,Michael,Warner,michaelwarner186194@slingacademy.com,Mobile Developer,790-287-4075,
188,Larry,Thompson,larrythompson187420@slingacademy.com,Web Developer,001-227-811-0040x004,
189,James,Miller,jamesmiller188412@slingacademy.com,Mobile Developer,(124)599-3895x76772,
190,James,Steele,jamessteele189191@slingacademy.com,Web Developer,839-171-3582x4182,
191,Joseph,Beck,josephbeck190237@slingacademy.com,Mobile Developer,+1-621-014-2831x0646,
192,Wayne,Cohen,waynecohen191993@slingacademy.com,Web Developer,(304)813-7854x1708,
193,Bailey,Reilly,baileyreilly192786@slingacademy.com,Mobile Developer,607.511.9983x28152,
194,Yolanda,Smith,yolandasmith193826@slingacademy.com,Mobile Developer,(407)091-5393x213,
195,Kathleen,Leblanc,kathleenleblanc194890@slingacademy.com,Web Developer,401-896-0371x40763,
196,Christina,Garza,christinagarza195263@slingacademy.com,DevOps Engineer,273-987-3115,
197,Jennifer,Jarvis,jenniferjarvis196139@slingacademy.com,Mobile Developer,063-012-6389x05736,
198,Jesse,Smith,jessesmith197279@slingacademy.com,Web Developer,+1-701-460-3317x90916,
199,Melissa,Richardson,melissarichardson198110@slingacademy.com,Mobile Developer,001-296-935-6456x91442,
200,Michele,Stewart,michelestewart199951@slingacademy.com,DevOps Engineer,944.042.1529,
201,Jeremy,Gilbert,jeremygilbert200282@slingacademy.com,Mobile Developer,970-269-2119x437,
202,Kevin,Valentine,kevinvalentine201488@slingacademy.com,Web Developer,+1-399-375-1890x40884,
203,Suzanne,Hurst,suzannehurst202425@slingacademy.com,Mobile Developer,2176055492,
204,Janet,Stephens,janetstephens203449@slingacademy.com,Web Developer,696-753-3875,
205,Michael,Hoover,michaelhoover204983@slingacademy.com,DevOps Engineer,(791)222-1972x3424,
206,Terry,Jones,terryjones205228@slingacademy.com,Web Developer,905.333.2209x0122,
207,Breanna,Love,breannalove206374@slingacademy.com,Web Developer,(251)970-0774x9187,
208,Elijah,Mcguire,elijahmcguire207166@slingacademy.com,Web Developer,430.390.1485x7262,
209,Paige,Bell,paigebell208379@slingacademy.com,Mobile Developer,930-636-6697x67326,
210,Lauren,Logan,laurenlogan209754@slingacademy.com,Web Developer,001-449-766-2057,
211,Gary,Watson,garywatson210844@slingacademy.com,Mobile Developer,001-099-534-3868x24842,
212,Andrea,Miller,andreamiller211593@slingacademy.com,Web Developer,(902)165-6805,
213,Stephen,Anderson,stephenanderson212709@slingacademy.com,Web Developer,730-398-8945,
214,Erica,Montgomery,ericamontgomery213699@slingacademy.com,Web Developer,(412)713-8016x79949,
215,Mitchell,Olson,mitchellolson214954@slingacademy.com,Mobile Developer,+1-352-025-4146x308,
216,Brenda,Leonard,brendaleonard215112@slingacademy.com,Mobile Developer,(451)560-3184x350,
217,Sandra,Scott,sandrascott216500@slingacademy.com,Web Developer,420.609.2090,
218,Terry,Jackson,terryjackson217122@slingacademy.com,Web Developer,(217)802-5632x0440,
219,John,Palmer,johnpalmer218164@slingacademy.com,Mobile Developer,(206)349-1934x449,
220,Brenda,Tapia,brendatapia219999@slingacademy.com,Web Developer,989-757-9111,
221,Donald,Gordon,donaldgordon220327@slingacademy.com,Mobile Developer,004.508.2105,
222,David,Long,davidlong221467@slingacademy.com,Mobile Developer,095.663.3357,
223,Michael,Pratt,michaelpratt222638@slingacademy.com,Mobile Developer,001-149-139-6964,
224,Jessica,West,jessicawest223110@slingacademy.com,Mobile Developer,140.721.9576x9819,
225,David,Jennings,davidjennings224703@slingacademy.com,Web Developer,313.810.6293x369,
226,Alicia,Perry,aliciaperry225119@slingacademy.com,Mobile Developer,311-298-4100,
227,Karen,Marsh,karenmarsh226577@slingacademy.com,Web Developer,001-710-599-6824x74838,
228,Richard,Holder,richardholder227991@slingacademy.com,Web Developer,+1-977-600-1087x6268,
229,Ryan,Ponce,ryanponce228931@slingacademy.com,Mobile Developer,5497597305,
230,Eddie,Riley,eddieriley229421@slingacademy.com,Mobile Developer,+1-976-524-6785,
231,Zachary,Scott,zacharyscott230288@slingacademy.com,Mobile Developer,543-674-1419x7292,
232,Kenneth,Nelson,kennethnelson231464@slingacademy.com,Mobile Developer,947.820.6507x32405,
233,Edgar,Lane,edgarlane232635@slingacademy.com,Web Developer,5537213761,
234,Jeremy,Cox,jeremycox233206@slingacademy.com,Web Developer,+1-155-126-0581x524,
235,Rhonda,Hernandez,rhondahernandez234932@slingacademy.com,Mobile Developer,767-860-5296,
236,Ashley,Gilbert,ashleygilbert235162@slingacademy.com,Mobile Developer,+1-414-913-8588x9103,
237,Shawn,Shaw,shawnshaw236298@slingacademy.com,Mobile Developer,919-763-5353,
238,Ryan,Davis,ryandavis237462@slingacademy.com,Mobile Developer,(778)856-1719x931,
239,Kristin,Bradley,kristinbradley238626@slingacademy.com,Web Developer,(402)457-2111,
240,Christopher,Drake,christopherdrake239403@slingacademy.com,Mobile Developer,659-857-8858,
241,Justin,Clark,justinclark240285@slingacademy.com,Web Developer,094.521.1972x38513,
242,Scott,Owens,scottowens241483@slingacademy.com,Web Developer,487.884.3426x95702,
243,Rebecca,Nelson,rebeccanelson242256@slingacademy.com,Mobile Developer,+1-319-257-8912x87517,
244,Erin,Green,eringreen243810@slingacademy.com,Web Developer,765-014-8238x735,
245,Paul,Page,paulpage244408@slingacademy.com,Mobile Developer,001-548-349-5980x11429,
246,Jamie,Ball,jamieball245345@slingacademy.com,Mobile Developer,001-521-608-0441,
247,Sonya,Williams,sonyawilliams246780@slingacademy.com,Mobile Developer,001-534-324-6100x2516,
248,Leslie,Burton,leslieburton247488@slingacademy.com,Web Developer,279-096-0603,
249,Daniel,Joseph,danieljoseph248143@slingacademy.com,Web Developer,101-113-1630x442,
250,Julie,Grimes,juliegrimes249118@slingacademy.com,Web Developer,671-825-5709,
251,Michael,Davis,michaeldavis250373@slingacademy.com,Mobile Developer,771.340.7743x808,
252,Stephen,Hoover,stephenhoover251356@slingacademy.com,Mobile Developer,001-012-427-6550,
253,Damon,Sanders,damonsanders252816@slingacademy.com,Web Developer,0176247153,
254,Adam,Pratt,adampratt253273@slingacademy.com,Web Developer,829.922.4683,
255,Jesse,Gonzalez,jessegonzalez254731@slingacademy.com,Web Developer,853.691.9747,
256,Debra,Cruz,debracruz255511@slingacademy.com,Mobile Developer,481.706.7985x840,
257,Gregory,Smith,gregorysmith256470@slingacademy.com,Mobile Developer,+1-044-346-7655x68675,
258,Natasha,Cook,natashacook257144@slingacademy.com,Web Developer,975-551-0070,
259,Robert,Weber,robertweber258728@slingacademy.com,Mobile Developer,018.297.6175x4163,
260,Carly,Thompson,carlythompson259241@slingacademy.com,Web Developer,(850)197-6611,
261,Maureen,Campbell,maureencampbell260229@slingacademy.com,Mobile Developer,168-469-7587,
262,Alex,Brown,alexbrown261949@slingacademy.com,Web Developer,259.588.0503x6257,
263,Breanna,Allen,breannaallen262722@slingacademy.com,Mobile Developer,+1-160-924-8899x786,
264,Michael,Pearson,michaelpearson263989@slingacademy.com,Web Developer,8006107617,
265,Cheryl,Lewis,cheryllewis264411@slingacademy.com,Web Developer,(806)267-8045,
266,Megan,Brown,meganbrown265895@slingacademy.com,Web Developer,596-551-1329,
267,Linda,Haynes,lindahaynes266984@slingacademy.com,Mobile Developer,331-850-1266x1106,
268,Kathy,Palmer,kathypalmer267804@slingacademy.com,Web Developer,(616)797-1560x17533,
269,Tammy,Ball,tammyball268170@slingacademy.com,Mobile Developer,8439547062,
270,Samuel,Reed,samuelreed269624@slingacademy.com,Mobile Developer,001-177-232-8430x261,
271,Erik,Page,erikpage270609@slingacademy.com,Web Developer,+1-859-269-6655,
272,Tristan,Price,tristanprice271230@slingacademy.com,Mobile Developer,001-369-038-1224,
273,Natalie,Skinner,natalieskinner272142@slingacademy.com,Mobile Developer,+1-655-446-8826x40636,
274,Nicole,Castro,nicolecastro273516@slingacademy.com,Web Developer,(185)855-4760x61049,
275,Natasha,Hughes,natashahughes274687@slingacademy.com,Mobile Developer,+1-124-853-7387x3710,
276,Pamela,Herrera,pamelaherrera275422@slingacademy.com,Web Developer,400-991-8270x7992,
277,Gary,Houston,garyhouston276947@slingacademy.com,Mobile Developer,(487)936-5416x279,
278,Peter,Johnson,peterjohnson277327@slingacademy.com,Mobile Developer,+1-219-520-1055x479,
279,April,Houston,aprilhouston278122@slingacademy.com,Mobile Developer,001-825-098-6223x1127,
280,Adam,Martinez,adammartinez279637@slingacademy.com,Mobile Developer,910.407.8536x8933,
281,William,Peters,williampeters280898@slingacademy.com,Web Developer,599.847.1624x20379,
282,Meagan,Henderson,meaganhenderson281151@slingacademy.com,Web Developer,373-405-5460x036,
283,Charles,West,charleswest282127@slingacademy.com,Web Developer,524-024-2894x074,
284,Rebecca,Jackson,rebeccajackson283741@slingacademy.com,Mobile Developer,(112)301-1517,
285,Alec,Maldonado,alecmaldonado284453@slingacademy.com,Mobile Developer,+1-484-025-5906,
286,Michele,Edwards,micheleedwards285969@slingacademy.com,Web Developer,4055420736,
287,John,Hall,johnhall286107@slingacademy.com,Web Developer,067.730.7206x26078,
288,Justin,Perry,justinperry287419@slingacademy.com,Mobile Developer,275.822.1785x29297,
289,Lauren,Norton,laurennorton288284@slingacademy.com,Web Developer,911.635.9394x29045,
290,Omar,Soto,omarsoto289950@slingacademy.com,Web Developer,001-774-441-0174x8586,
291,Michael,Howard,michaelhoward290216@slingacademy.com,Web Developer,6585788235,
292,Kathleen,Green,kathleengreen291790@slingacademy.com,Mobile Developer,001-923-032-1044x57810,
293,Kent,Thompson,kentthompson292193@slingacademy.com,Web Developer,+1-691-327-2406x73013,
294,Benjamin,Wilson,benjaminwilson293449@slingacademy.com,Mobile Developer,628-559-3098x06279,
295,Steven,Vaughn,stevenvaughn294759@slingacademy.com,Mobile Developer,901.710.4683x57441,
296,Michael,Tyler,michaeltyler295487@slingacademy.com,Web Developer,785-352-2310,
297,Richard,Lin,richardlin296285@slingacademy.com,Web Developer,471-829-6568,
298,Jennifer,Williams,jenniferwilliams297896@slingacademy.com,Web Developer,282.970.3806x592,
299,Shelley,Hubbard,shelleyhubbard298845@slingacademy.com,Web Developer,421-623-0945x9287,
300,Sean,Choi,seanchoi299793@slingacademy.com,Web Developer,(533)756-8696x245,
301,Marie,Gross,mariegross300870@slingacademy.com,Web Developer,(634)561-4487x82457,
302,Tracy,Leon,tracyleon301263@slingacademy.com,Web Developer,780.596.2863x992,
303,Steven,Peterson,stevenpeterson302672@slingacademy.com,Web Developer,001-509-989-9496x2175,
304,Justin,Webster,justinwebster303292@slingacademy.com,Web Developer,001-990-293-4626,
305,Courtney,Stanley,courtneystanley304326@slingacademy.com,Web Developer,625.311.0983x89652,
306,Walter,Crawford,waltercrawford305879@slingacademy.com,Web Developer,(477)112-0518,
307,Danielle,Sparks,daniellesparks306675@slingacademy.com,Web Developer,(670)805-6201x50813,
308,Cheryl,Rose,cherylrose307221@slingacademy.com,Web Developer,+1-058-620-9983x70605,
309,Justin,Mann,justinmann308432@slingacademy.com,Web Developer,718-998-3978,
310,Vanessa,Carter,vanessacarter309183@slingacademy.com,Web Developer,(620)811-3763,
311,Anthony,Colon,anthonycolon310698@slingacademy.com,Web Developer,001-388-080-7123x3000,
312,April,Holland,aprilholland311155@slingacademy.com,Web Developer,001-527-705-3200x648,
313,Bill,Anderson,billanderson312995@slingacademy.com,Web Developer,(202)724-9857,
314,Kelsey,Moss,kelseymoss313481@slingacademy.com,Web Developer,206-016-2029,
315,Maureen,Phillips,maureenphillips314243@slingacademy.com,Web Developer,+1-837-401-4253x976,
316,Michelle,Hooper,michellehooper315396@slingacademy.com,Web Developer,401.041.6802,
317,Steven,Lewis,stevenlewis316274@slingacademy.com,Web Developer,+1-584-489-5663x896,
318,Kevin,Rodriguez,kevinrodriguez317974@slingacademy.com,Web Developer,001-511-226-4416x83410,
319,Alexandra,Bell,alexandrabell318109@slingacademy.com,Web Developer,+1-426-702-6363x565,
320,Courtney,Mcdaniel,courtneymcdaniel319568@slingacademy.com,Web Developer,(871)098-2647x80448,
